Open,High,Low,Close,Volume,Dividends,Stock Splits
16602.26953125,16603.31640625,16388.404296875,16521.841796875,18678255976,0.0,0.0
16521.576171875,16666.86328125,16416.228515625,16464.28125,18000008764,0.0,0.0
16463.8828125,16594.40625,16437.025390625,16444.626953125,20443898509,0.0,0.0
16440.22265625,16482.93359375,16054.5302734375,16217.322265625,27743025156,0.0,0.0
16217.6396484375,16522.2578125,16139.396484375,16444.982421875,23581685468,0.0,0.0
16445.4765625,17190.9375,16445.4765625,17168.56640625,29523576583,0.0,0.0
17168.001953125,17197.498046875,16888.388671875,16967.1328125,22895392882,0.0,0.0
16968.68359375,17088.66015625,16877.880859375,17088.66015625,19539705127,0.0,0.0
17090.09765625,17116.041015625,16888.140625,16908.236328125,16217776704,0.0,0.0
16908.169921875,17157.767578125,16903.439453125,17130.486328125,16824520830,0.0,0.0
17128.89453125,17378.15234375,16922.431640625,16974.826171875,22209086834,0.0,0.0
16975.23828125,17091.86328125,16939.921875,17089.50390625,19889922369,0.0,0.0
17089.505859375,17109.376953125,16750.55859375,16848.126953125,19675404389,0.0,0.0
16847.349609375,17267.916015625,16788.783203125,17233.474609375,20496603770,0.0,0.0
17232.1484375,17280.546875,17100.8359375,17133.15234375,20328426366,0.0,0.0
17134.220703125,17216.826171875,17120.68359375,17128.724609375,12706781969,0.0,0.0
17129.7109375,17245.634765625,17091.8203125,17104.193359375,14122486832,0.0,0.0
17102.5,17212.564453125,16899.39453125,17206.4375,19617581341,0.0,0.0
17206.44140625,17930.0859375,17111.763671875,17781.318359375,26634741631,0.0,0.0
17782.06640625,18318.53125,17739.513671875,17815.650390625,25534481470,0.0,0.0
17813.64453125,17846.744140625,17322.58984375,17364.865234375,20964448341,0.0,0.0
17364.546875,17505.525390625,16584.701171875,16647.484375,24031608960,0.0,0.0
16646.982421875,16800.58984375,16614.029296875,16795.091796875,14463581825,0.0,0.0
16795.609375,16815.38671875,16697.8203125,16757.9765625,10924354698,0.0,0.0
16759.041015625,16807.52734375,16398.13671875,16439.6796875,17221074814,0.0,0.0
16441.787109375,17012.984375,16427.8671875,16906.3046875,22722096615,0.0,0.0
16904.52734375,16916.80078125,16755.912109375,16817.53515625,14882945045,0.0,0.0
16818.380859375,16866.673828125,16592.408203125,16830.341796875,16441573050,0.0,0.0
16829.64453125,16905.21875,16794.458984375,16796.953125,15329265213,0.0,0.0
16796.9765625,16864.703125,16793.52734375,16847.755859375,9744636213,0.0,0.0
16847.505859375,16860.5546875,16755.25390625,16841.986328125,11656379938,0.0,0.0
16842.25,16920.123046875,16812.369140625,16919.8046875,11886957804,0.0,0.0
16919.291015625,16959.845703125,16642.072265625,16717.173828125,15748580239,0.0,0.0
16716.400390625,16768.169921875,16497.556640625,16552.572265625,17005713920,0.0,0.0
16552.322265625,16651.755859375,16508.68359375,16642.341796875,14472237479,0.0,0.0
16641.330078125,16643.427734375,16408.474609375,16602.5859375,15929162910,0.0,0.0
16603.673828125,16628.986328125,16517.51953125,16547.49609375,11239186456,0.0,0.0
16547.9140625,16630.439453125,16521.234375,16625.080078125,9244361700,0.0,0.0
16625.509765625,16759.34375,16572.228515625,16688.470703125,12097775227,0.0,0.0
16688.84765625,16760.447265625,16622.37109375,16679.857421875,13903079207,0.0,0.0
16680.205078125,16964.5859375,16667.763671875,16863.23828125,18421743322,0.0,0.0
16863.47265625,16884.021484375,16790.283203125,16836.736328125,13692758566,0.0,0.0
16836.47265625,16991.994140625,16716.421875,16951.96875,14413662913,0.0,0.0
16952.1171875,16975.017578125,16914.19140625,16955.078125,7714767174,0.0,0.0
16954.146484375,17091.14453125,16924.05078125,17091.14453125,9768827914,0.0,0.0
17093.9921875,17389.95703125,17093.9921875,17196.5546875,18624736866,0.0,0.0
17192.94921875,17484.720703125,17162.990234375,17446.29296875,15808338949,0.0,0.0
17446.359375,17934.896484375,17337.994140625,17934.896484375,18372283782,0.0,0.0
18117.59375,19030.087890625,17995.203125,18869.587890625,34971338710,0.0,0.0
18868.90625,19964.322265625,18753.1640625,19909.57421875,29225029694,0.0,0.0
19910.537109375,21075.142578125,19907.828125,20976.298828125,38967784639,0.0,0.0
20977.484375,20993.748046875,20606.986328125,20880.798828125,19298407543,0.0,0.0
20882.224609375,21360.875,20715.74609375,21169.6328125,26792494050,0.0,0.0
21175.833984375,21438.66015625,20978.533203125,21161.51953125,24999983362,0.0,0.0
21161.05078125,21564.501953125,20541.544921875,20688.78125,30005625418,0.0,0.0
20686.74609375,21163.01171875,20685.380859375,21086.79296875,21152848261,0.0,0.0
21085.373046875,22692.357421875,20919.126953125,22676.552734375,28799154319,0.0,0.0
22677.427734375,23282.34765625,22511.833984375,22777.625,32442278429,0.0,0.0
22777.986328125,23056.73046875,22387.900390625,22720.416015625,24746386230,0.0,0.0
22721.087890625,23126.486328125,22654.3046875,22934.431640625,26518700512,0.0,0.0
22929.626953125,23134.01171875,22549.744140625,22636.46875,26405069715,0.0,0.0
22639.267578125,23722.099609375,22406.076171875,23117.859375,30685366709,0.0,0.0
23108.955078125,23237.078125,22911.373046875,23032.77734375,26357839322,0.0,0.0
23030.716796875,23417.720703125,22654.59375,23078.728515625,25383335641,0.0,0.0
23079.96484375,23165.896484375,22908.845703125,23031.08984375,14712928379,0.0,0.0
23031.44921875,23919.890625,22985.0703125,23774.56640625,27423687259,0.0,0.0
23774.6484375,23789.34765625,22657.58203125,22840.138671875,27205595568,0.0,0.0
22840.796875,23225.021484375,22765.568359375,23139.283203125,22837828665,0.0,0.0
23137.8359375,23764.5390625,22877.75,23723.76953125,26683255504,0.0,0.0
23720.82421875,24167.2109375,23468.595703125,23471.87109375,32066936882,0.0,0.0
23469.412109375,23678.103515625,23279.955078125,23449.322265625,27083066007,0.0,0.0
23446.3203125,23556.94921875,23291.794921875,23331.84765625,15639298538,0.0,0.0
23332.248046875,23423.435546875,22841.759765625,22955.666015625,19564262605,0.0,0.0
22954.021484375,23119.279296875,22692.025390625,22760.109375,23825006542,0.0,0.0
22757.267578125,23310.974609375,22756.2578125,23264.291015625,27187964471,0.0,0.0
23263.416015625,23367.958984375,22731.09765625,22939.3984375,25371367758,0.0,0.0
22946.56640625,22996.4375,21773.974609375,21819.0390625,32572572185,0.0,0.0
21819.005859375,21941.185546875,21539.392578125,21651.18359375,27078406594,0.0,0.0
21651.841796875,21891.41015625,21618.44921875,21870.875,16356226232,0.0,0.0
21870.90234375,22060.994140625,21682.828125,21788.203125,17821046406,0.0,0.0
21787.0,21898.4140625,21460.087890625,21808.1015625,23918742607,0.0,0.0
21801.822265625,22293.140625,21632.39453125,22220.8046875,26792596581,0.0,0.0
22220.5859375,24307.841796875,22082.76953125,24307.841796875,32483312909,0.0,0.0
24307.349609375,25134.1171875,23602.5234375,23623.474609375,39316664596,0.0,0.0
23621.283203125,24924.041015625,23460.755859375,24565.6015625,41358451255,0.0,0.0
24565.296875,24798.8359375,24468.373046875,24641.27734375,19625427158,0.0,0.0
24640.02734375,25093.0546875,24327.642578125,24327.642578125,25555105670,0.0,0.0
24336.623046875,25020.458984375,23927.91015625,24829.1484375,28987376573,0.0,0.0
24833.048828125,25126.8515625,24200.36328125,24436.353515625,31252098714,0.0,0.0
24437.41796875,24472.33984375,23644.318359375,24188.84375,30199996781,0.0,0.0
24190.71875,24572.08984375,23693.919921875,23947.4921875,30476264066,0.0,0.0
23946.0078125,24103.705078125,23007.072265625,23198.126953125,26811744928,0.0,0.0
23200.125,23210.2109375,22861.55859375,23175.375,16100721565,0.0,0.0
23174.150390625,23654.3671875,23084.220703125,23561.212890625,16644534842,0.0,0.0
23561.451171875,23857.890625,23205.87890625,23522.87109375,22660763494,0.0,0.0
23521.837890625,23585.384765625,23077.650390625,23147.353515625,20535363434,0.0,0.0
23150.9296875,23880.6328125,23088.626953125,23646.55078125,24662841200,0.0,0.0
23647.01953125,23739.138671875,23245.021484375,23475.466796875,20386398516,0.0,0.0
23476.6328125,23479.34765625,22213.23828125,22362.6796875,26062404610,0.0,0.0
22362.923828125,22405.177734375,22198.98046875,22353.349609375,11166012913,0.0,0.0
22354.14453125,22613.685546875,22307.142578125,22435.513671875,13317001733,0.0,0.0
22436.81640625,22584.29296875,22331.314453125,22429.7578125,17353192895,0.0,0.0
22428.322265625,22527.41796875,22011.26171875,22219.76953125,22765452204,0.0,0.0
22216.44140625,22268.896484375,21708.05078125,21718.080078125,22536575684,0.0,0.0
21720.080078125,21802.716796875,20210.306640625,20363.021484375,30364664171,0.0,0.0
20367.001953125,20370.595703125,19628.25390625,20187.244140625,39578257695,0.0,0.0
20187.876953125,20792.525390625,20068.66015625,20632.41015625,30180288176,0.0,0.0
20628.029296875,22185.03125,20448.806640625,22163.94921875,29279035521,0.0,0.0
22156.40625,24550.837890625,21918.19921875,24197.533203125,49466362688,0.0,0.0
24201.765625,26514.716796875,24081.18359375,24746.07421875,54622230164,0.0,0.0
24770.92578125,25240.615234375,23964.91015625,24375.9609375,43655701450,0.0,0.0
24373.45703125,25190.326171875,24225.111328125,25052.7890625,33866061747,0.0,0.0
25055.123046875,27787.8125,24955.169921875,27423.9296875,50730261335,0.0,0.0
27448.1171875,27725.953125,26636.26171875,26965.87890625,35723036817,0.0,0.0
26969.50390625,28440.560546875,26907.716796875,28038.67578125,37769448859,0.0,0.0
28041.6015625,28527.724609375,27242.880859375,27767.236328125,44774027664,0.0,0.0
27768.392578125,28439.5625,27439.646484375,28175.81640625,36102192830,0.0,0.0
28158.720703125,28803.3359375,26759.99609375,27307.4375,33382021890,0.0,0.0
27301.95703125,28729.84375,27183.36328125,28333.97265625,24220433689,0.0,0.0
28324.111328125,28388.4375,27039.265625,27493.28515625,25980310960,0.0,0.0
27487.337890625,27791.826171875,27196.234375,27494.70703125,13383005987,0.0,0.0
27495.5234375,28178.14453125,27445.046875,27994.330078125,13878363192,0.0,0.0
27994.068359375,28037.92578125,26606.689453125,27139.888671875,18188895178,0.0,0.0
27132.888671875,27460.71875,26677.818359375,27268.130859375,17783600385,0.0,0.0
27267.03125,28619.54296875,27259.662109375,28348.44140625,20684945906,0.0,0.0
28350.140625,29159.90234375,27720.16015625,28033.5625,22435349951,0.0,0.0
28032.26171875,28639.896484375,27583.71484375,28478.484375,19001327598,0.0,0.0
28473.33203125,28802.45703125,28297.171875,28411.03515625,10876469901,0.0,0.0
28462.845703125,28518.958984375,27884.087890625,28199.30859375,12284641999,0.0,0.0
28183.080078125,28475.623046875,27276.720703125,27790.220703125,19556501327,0.0,0.0
27795.2734375,28433.7421875,27681.3046875,28168.08984375,15284538859,0.0,0.0
28169.7265625,28739.23828125,27843.763671875,28177.984375,17052315986,0.0,0.0
28175.2265625,28178.384765625,27738.759765625,28044.140625,13837809380,0.0,0.0
28038.966796875,28111.59375,27794.03125,27925.859375,10861680497,0.0,0.0
27920.513671875,28159.86328125,27883.38671875,27947.794921875,9373255556,0.0,0.0
27952.3671875,28532.830078125,27828.48046875,28333.05078125,12175322951,0.0,0.0
28336.02734375,29771.46484375,28189.271484375,29652.98046875,19282400094,0.0,0.0
29653.6796875,30509.083984375,29609.30078125,30235.05859375,20121259843,0.0,0.0
30231.58203125,30462.48046875,29725.57421875,30139.052734375,18651929926,0.0,0.0
29892.740234375,30539.845703125,29878.623046875,30399.06640625,17487721001,0.0,0.0
30409.5625,31005.607421875,30044.498046875,30485.69921875,22659995079,0.0,0.0
30490.75,30601.740234375,30245.8828125,30318.49609375,11940685378,0.0,0.0
30315.9765625,30555.537109375,30157.83203125,30315.35546875,12854816417,0.0,0.0
30317.146484375,30319.197265625,29275.37109375,29445.044921875,17872186762,0.0,0.0
29449.091796875,30470.302734375,29154.849609375,30397.552734375,19480529496,0.0,0.0
30394.1875,30411.0546875,28669.8984375,28822.6796875,24571565421,0.0,0.0
28823.68359375,29076.400390625,28037.2578125,28245.98828125,21340360360,0.0,0.0
28249.23046875,28349.96875,27177.365234375,27276.91015625,20759504330,0.0,0.0
27265.89453125,27872.142578125,27169.5703125,27817.5,13125734602,0.0,0.0
27816.14453125,27820.244140625,27400.314453125,27591.384765625,12785446832,0.0,0.0
27591.73046875,27979.982421875,27070.849609375,27525.33984375,17703288330,0.0,0.0
27514.873046875,28371.078125,27207.931640625,28307.59765625,17733373139,0.0,0.0
28300.05859375,29995.837890625,27324.548828125,28422.701171875,31854242019,0.0,0.0
28428.46484375,29871.546875,28402.88671875,29473.787109375,27153445027,0.0,0.0
29481.013671875,29572.791015625,28929.609375,29340.26171875,17544464887,0.0,0.0
29336.56640625,29452.455078125,29088.04296875,29248.48828125,10662634333,0.0,0.0
29245.515625,29952.029296875,29114.021484375,29268.806640625,14652199272,0.0,0.0
29227.103515625,29329.935546875,27680.79296875,28091.568359375,18655599976,0.0,0.0
28087.17578125,28881.298828125,27924.123046875,28680.537109375,16432924527,0.0,0.0
28680.494140625,29259.533203125,28178.388671875,29006.30859375,19122972518,0.0,0.0
29031.3046875,29353.185546875,28694.0390625,28847.7109375,15548678514,0.0,0.0
28851.48046875,29668.908203125,28845.509765625,29534.384765625,17936566518,0.0,0.0
29538.859375,29820.126953125,28468.966796875,28904.623046875,15913866714,0.0,0.0
28901.623046875,29157.517578125,28441.3671875,28454.978515625,11301355486,0.0,0.0
28450.45703125,28663.271484375,27310.134765625,27694.2734375,19122903752,0.0,0.0
27695.068359375,27821.400390625,27375.6015625,27658.775390625,14128593256,0.0,0.0
27654.63671875,28322.6875,26883.669921875,27621.755859375,20656025026,0.0,0.0
27621.0859375,27621.94140625,26781.826171875,27000.7890625,16724343943,0.0,0.0
26987.662109375,27055.646484375,25878.4296875,26804.990234375,19313599897,0.0,0.0
26807.76953125,27030.482421875,26710.873046875,26784.078125,9999171605,0.0,0.0
26788.974609375,27150.9765625,26661.35546875,26930.638671875,10014858959,0.0,0.0
26931.384765625,27646.34765625,26766.09765625,27192.693359375,14413231792,0.0,0.0
27171.513671875,27299.3046875,26878.947265625,27036.650390625,12732238816,0.0,0.0
27035.470703125,27465.927734375,26600.14453125,27398.802734375,15140006925,0.0,0.0
27401.650390625,27466.52734375,26415.1015625,26832.208984375,15222938600,0.0,0.0
26826.75390625,27128.619140625,26700.2109375,26890.12890625,11258983301,0.0,0.0
26888.841796875,27155.158203125,26843.27734375,27129.5859375,7044911360,0.0,0.0
27118.423828125,27265.91796875,26706.921875,26753.826171875,8647416921,0.0,0.0
26749.892578125,27045.734375,26549.734375,26851.27734375,11056770492,0.0,0.0
26855.9609375,27434.68359375,26816.1796875,27225.7265625,13697203143,0.0,0.0
27224.603515625,27224.603515625,26106.576171875,26334.818359375,16299104428,0.0,0.0
26329.4609375,26591.51953125,25890.59375,26476.20703125,13851122697,0.0,0.0
26474.181640625,26916.669921875,26343.94921875,26719.291015625,12711619225,0.0,0.0
26720.181640625,26888.8828125,26621.140625,26868.353515625,7892015141,0.0,0.0
26871.158203125,28193.44921875,26802.751953125,28085.646484375,14545229578,0.0,0.0
28075.591796875,28432.0390625,27563.876953125,27745.884765625,15181308984,0.0,0.0
27745.123046875,28044.759765625,27588.501953125,27702.349609375,13251081851,0.0,0.0
27700.529296875,27831.677734375,26866.453125,27219.658203125,15656371534,0.0,0.0
27218.412109375,27346.10546875,26671.720703125,26819.97265625,14678970415,0.0,0.0
26824.556640625,27303.861328125,26574.64453125,27249.58984375,14837415000,0.0,0.0
27252.32421875,27317.052734375,26958.00390625,27075.12890625,8385597470,0.0,0.0
27075.123046875,27407.01953125,26968.224609375,27119.06640625,9360912318,0.0,0.0
27123.109375,27129.982421875,25445.16796875,25760.09765625,21513292646,0.0,0.0
25732.109375,27313.8203125,25434.8671875,27238.783203125,21929670693,0.0,0.0
27235.650390625,27332.181640625,26146.98828125,26345.998046875,19530045082,0.0,0.0
26347.654296875,26797.513671875,26246.6640625,26508.216796875,11904824295,0.0,0.0
26505.923828125,26770.2890625,26339.314453125,26480.375,11015551640,0.0,0.0
26481.76171875,26531.044921875,25501.8359375,25851.240234375,19872933189,0.0,0.0
25854.03125,26203.439453125,25668.986328125,25940.16796875,10732609603,0.0,0.0
25934.28515625,26087.919921875,25675.197265625,25902.5,11677889997,0.0,0.0
25902.94140625,26376.3515625,25728.365234375,25918.728515625,14143474486,0.0,0.0
25920.2578125,26041.80078125,24902.15234375,25124.67578125,14265717766,0.0,0.0
25121.673828125,25735.30859375,24797.16796875,25576.39453125,15837384409,0.0,0.0
25575.283203125,26463.173828125,25245.357421875,26327.462890625,16324646965,0.0,0.0
26328.6796875,26769.39453125,26174.4921875,26510.67578125,11090276850,0.0,0.0
26510.45703125,26675.92578125,26325.890625,26336.212890625,9565695129,0.0,0.0
26335.44140625,26984.611328125,26312.83203125,26851.029296875,12826986222,0.0,0.0
26841.6640625,28388.96875,26668.791015625,28327.48828125,22211859147,0.0,0.0
28311.310546875,30737.330078125,28283.41015625,30027.296875,33346760979,0.0,0.0
29995.935546875,30495.998046875,29679.158203125,29912.28125,20653160491,0.0,0.0
29896.3828125,31389.5390625,29845.21484375,30695.46875,24115570085,0.0,0.0
30708.73828125,30804.1484375,30290.146484375,30548.6953125,12147822496,0.0,0.0
30545.150390625,31041.271484375,30327.943359375,30480.26171875,12703464114,0.0,0.0
30480.5234375,30636.029296875,29955.744140625,30271.130859375,16493186997,0.0,0.0
30274.3203125,31006.787109375,30236.650390625,30688.1640625,16428827944,0.0,0.0
30696.560546875,30703.279296875,29921.822265625,30086.24609375,14571500779,0.0,0.0
30086.1875,30796.25,30057.203125,30445.3515625,13180860821,0.0,0.0
30441.353515625,31256.86328125,29600.275390625,30477.251953125,26387306197,0.0,0.0
30471.84765625,30641.2890625,30328.865234375,30590.078125,9086606733,0.0,0.0
30587.26953125,30766.140625,30264.01953125,30620.76953125,10533418042,0.0,0.0
30624.515625,31375.61328125,30586.513671875,31156.439453125,15271884873,0.0,0.0
31156.865234375,31325.197265625,30659.35546875,30777.58203125,12810828427,0.0,0.0
30778.724609375,30877.330078125,30225.61328125,30514.166015625,12481622280,0.0,0.0
30507.150390625,31460.052734375,29892.2265625,29909.337890625,21129219509,0.0,0.0
29907.998046875,30434.64453125,29777.28515625,30342.265625,13384770155,0.0,0.0
30346.921875,30374.4375,30080.16015625,30292.541015625,7509378699,0.0,0.0
30291.611328125,30427.58984375,30085.591796875,30171.234375,7903327692,0.0,0.0
30172.423828125,31026.083984375,29985.39453125,30414.470703125,14828209155,0.0,0.0
30417.6328125,30788.314453125,30358.09765625,30620.951171875,12151839152,0.0,0.0
30622.24609375,30959.96484375,30228.8359375,30391.646484375,14805659717,0.0,0.0
30387.48828125,31814.515625,30268.3515625,31476.048828125,23686079548,0.0,0.0
31474.720703125,31582.25390625,29966.38671875,30334.068359375,20917902660,0.0,0.0
30331.783203125,30407.78125,30263.462890625,30295.806640625,8011667756,0.0,0.0
30297.47265625,30437.560546875,30089.669921875,30249.1328125,8516564470,0.0,0.0
30249.626953125,30336.400390625,29685.783203125,30145.888671875,13240156074,0.0,0.0
30147.0703125,30233.65625,29556.427734375,29856.5625,13138897269,0.0,0.0
29862.046875,30184.181640625,29794.26953125,29913.923828125,12128602812,0.0,0.0
29915.25,30195.53125,29638.095703125,29792.015625,14655207121,0.0,0.0
29805.111328125,30045.998046875,29733.8515625,29908.744140625,10972789818,0.0,0.0
29908.697265625,29991.615234375,29664.12109375,29771.802734375,7873300598,0.0,0.0
29790.111328125,30330.640625,29741.52734375,30084.5390625,9220145050,0.0,0.0
30081.662109375,30093.39453125,28934.294921875,29176.916015625,15395817395,0.0,0.0
29178.970703125,29353.16015625,29062.43359375,29227.390625,10266772793,0.0,0.0
29225.759765625,29675.552734375,29113.912109375,29354.97265625,13497554655,0.0,0.0
29353.798828125,29560.966796875,29099.3515625,29210.689453125,10770779217,0.0,0.0
29212.1640625,29521.513671875,29125.845703125,29319.24609375,11218474952,0.0,0.0
29319.4453125,29396.84375,29264.166015625,29356.91796875,6481775959,0.0,0.0
29357.09375,29443.169921875,29059.501953125,29275.30859375,8678454527,0.0,0.0
29278.314453125,29489.873046875,29131.578125,29230.111328125,11656781982,0.0,0.0
29230.873046875,29675.732421875,28657.0234375,29675.732421875,18272392391,0.0,0.0
29704.146484375,29987.998046875,28946.509765625,29151.958984375,19212655598,0.0,0.0
29161.8125,29375.70703125,28959.48828125,29178.6796875,12780357746,0.0,0.0
29174.3828125,29302.078125,28885.3359375,29074.091796875,12036639988,0.0,0.0
29075.388671875,29102.46484375,28957.796875,29042.126953125,6598366353,0.0,0.0
29043.701171875,29160.822265625,28963.833984375,29041.85546875,7269806994,0.0,0.0
29038.513671875,29244.28125,28724.140625,29180.578125,13618163710,0.0,0.0
29180.01953125,30176.796875,29113.814453125,29765.4921875,17570561357,0.0,0.0
29766.6953125,30093.435546875,29376.80078125,29561.494140625,18379521213,0.0,0.0
29563.97265625,29688.564453125,29354.447265625,29429.591796875,11865344789,0.0,0.0
29424.90234375,29517.7734375,29253.517578125,29397.71484375,10195168197,0.0,0.0
29399.787109375,29465.11328125,29357.587890625,29415.96484375,6194358008,0.0,0.0
29416.59375,29441.43359375,29265.806640625,29282.9140625,7329897180,0.0,0.0
29283.263671875,29660.25390625,29124.10546875,29408.443359375,14013695304,0.0,0.0
29408.048828125,29439.12109375,29088.853515625,29170.34765625,12640195779,0.0,0.0
29169.07421875,29221.9765625,28701.779296875,28701.779296875,14949271904,0.0,0.0
28699.802734375,28745.947265625,25409.111328125,26664.55078125,31120851211,0.0,0.0
26636.078125,26808.1953125,25668.921875,26049.556640625,24026236529,0.0,0.0
26047.83203125,26249.44921875,25802.408203125,26096.205078125,10631443812,0.0,0.0
26096.861328125,26260.681640625,26004.314453125,26189.583984375,9036580420,0.0,0.0
26188.69140625,26220.201171875,25846.087890625,26124.140625,13371557893,0.0,0.0
26130.748046875,26135.5078125,25520.728515625,26031.65625,14503820706,0.0,0.0
26040.474609375,26786.8984375,25804.998046875,26431.640625,16985265785,0.0,0.0
26431.51953125,26554.91015625,25914.92578125,26162.373046875,12871532023,0.0,0.0
26163.6796875,26248.103515625,25786.8125,26047.66796875,12406045118,0.0,0.0
26047.234375,26107.384765625,25983.87890625,26008.462890625,6034817316,0.0,0.0
26008.2421875,26165.373046875,25965.09765625,26089.693359375,6913768611,0.0,0.0
26089.615234375,26198.578125,25880.599609375,26106.150390625,11002805166,0.0,0.0
26102.486328125,28089.337890625,25912.62890625,27727.392578125,29368391712,0.0,0.0
27726.083984375,27760.16015625,27069.20703125,27297.265625,16343655235,0.0,0.0
27301.9296875,27456.078125,25752.9296875,25931.47265625,20181001451,0.0,0.0
25934.021484375,26125.869140625,25362.609375,25800.724609375,17202862221,0.0,0.0
25800.91015625,25970.28515625,25753.09375,25868.798828125,10100387473,0.0,0.0
25869.47265625,26087.1484375,25817.03125,25969.56640625,8962524523,0.0,0.0
25968.169921875,26081.525390625,25657.025390625,25812.416015625,10680635106,0.0,0.0
25814.95703125,25858.375,25589.98828125,25779.982421875,11094740040,0.0,0.0
25783.931640625,25953.015625,25404.359375,25753.236328125,12752705327,0.0,0.0
25748.3125,26409.302734375,25608.201171875,26240.1953125,11088307100,0.0,0.0
26245.208984375,26414.005859375,25677.48046875,25905.654296875,10817356400,0.0,0.0
25905.42578125,25921.9765625,25810.494140625,25895.677734375,5481314132,0.0,0.0
25895.2109375,25978.130859375,25640.26171875,25832.2265625,7899553047,0.0,0.0
25831.71484375,25883.947265625,24930.296875,25162.654296875,14600006467,0.0,0.0
25160.658203125,26451.939453125,25133.078125,25833.34375,18657279324,0.0,0.0
25837.5546875,26376.11328125,25781.123046875,26228.32421875,13072077070,0.0,0.0
26228.27734375,26774.623046875,26171.451171875,26539.673828125,13811359124,0.0,0.0
26533.818359375,26840.498046875,26240.701171875,26608.693359375,11479735788,0.0,0.0
26606.19921875,26754.76953125,26473.890625,26568.28125,7402031417,0.0,0.0
26567.927734375,26617.998046875,26445.07421875,26534.1875,6774210670,0.0,0.0
26532.994140625,27414.734375,26415.515625,26754.28125,15615339655,0.0,0.0
26760.8515625,27488.763671875,26681.60546875,27211.1171875,13807690550,0.0,0.0
27210.228515625,27379.505859375,26864.08203125,27132.0078125,13281116604,0.0,0.0
27129.83984375,27152.939453125,26389.30078125,26567.6328125,13371443708,0.0,0.0
26564.056640625,26726.078125,26495.533203125,26579.568359375,10578746709,0.0,0.0
26578.556640625,26634.185546875,26520.51953125,26579.390625,7404700301,0.0,0.0
26579.373046875,26716.05859375,26221.05078125,26256.826171875,8192867686,0.0,0.0
26253.775390625,26421.5078125,26011.46875,26298.48046875,11997833257,0.0,0.0
26294.7578125,26389.884765625,26090.712890625,26217.25,9985498161,0.0,0.0
26209.498046875,26817.841796875,26111.46484375,26352.716796875,11718380997,0.0,0.0
26355.8125,27259.5,26327.322265625,27021.546875,14079002707,0.0,0.0
27024.841796875,27225.9375,26721.763671875,26911.720703125,10396435377,0.0,0.0
26911.689453125,27091.794921875,26888.96875,26967.916015625,5331172801,0.0,0.0
26967.396484375,28047.23828125,26965.09375,27983.75,9503917434,0.0,0.0
27976.798828125,28494.458984375,27347.787109375,27530.78515625,19793041322,0.0,0.0
27508.251953125,27667.19140625,27216.001953125,27429.978515625,11407814187,0.0,0.0
27429.07421875,27826.658203125,27248.10546875,27799.39453125,11143355314,0.0,0.0
27798.646484375,28091.861328125,27375.6015625,27415.912109375,11877253670,0.0,0.0
27412.123046875,28252.537109375,27215.552734375,27946.59765625,13492391599,0.0,0.0
27946.78125,28028.091796875,27870.423828125,27968.83984375,6553044316,0.0,0.0
27971.677734375,28102.169921875,27740.662109375,27935.08984375,7916875290,0.0,0.0
27934.47265625,27989.470703125,27302.5625,27583.677734375,12007668568,0.0,0.0
27589.201171875,27715.84765625,27301.654296875,27391.01953125,9973350678,0.0,0.0
27392.076171875,27474.115234375,26561.099609375,26873.3203125,13648094333,0.0,0.0
26873.29296875,26921.439453125,26558.3203125,26756.798828125,9392909295,0.0,0.0
26752.87890625,27092.697265625,26686.322265625,26862.375,15165312851,0.0,0.0
26866.203125,26969.0,26814.5859375,26861.70703125,5388116782,0.0,0.0
26858.01171875,27289.169921875,26817.89453125,27159.65234375,7098201980,0.0,0.0
27162.62890625,29448.138671875,27130.47265625,28519.466796875,27833876539,0.0,0.0
28522.09765625,28618.751953125,28110.185546875,28415.748046875,14872527508,0.0,0.0
28413.53125,28889.009765625,28174.251953125,28328.341796875,12724128586,0.0,0.0
28332.416015625,28892.474609375,28177.98828125,28719.806640625,14448058195,0.0,0.0
28732.8125,30104.0859375,28601.669921875,29682.94921875,21536125230,0.0,0.0
29683.380859375,30287.482421875,29481.751953125,29918.412109375,11541146996,0.0,0.0
29918.654296875,30199.43359375,29720.3125,29993.896484375,10446520040,0.0,0.0
30140.685546875,34370.4375,30097.828125,33086.234375,38363572311,0.0,0.0
33077.3046875,35150.43359375,32880.76171875,33901.52734375,44934999645,0.0,0.0
33916.04296875,35133.7578125,33709.109375,34502.8203125,25254318008,0.0,0.0
34504.2890625,34832.91015625,33762.32421875,34156.6484375,19427195376,0.0,0.0
34156.5,34238.2109375,33416.88671875,33909.80078125,16418032871,0.0,0.0
33907.72265625,34399.390625,33874.8046875,34089.57421875,10160330825,0.0,0.0
34089.37109375,34743.26171875,33947.56640625,34538.48046875,11160323986,0.0,0.0
34531.7421875,34843.93359375,34110.97265625,34502.36328125,17184860315,0.0,0.0
34500.078125,34719.25390625,34083.30859375,34667.78125,15758270810,0.0,0.0
34657.2734375,35527.9296875,34170.69140625,35437.25390625,22446272005,0.0,0.0
35441.578125,35919.84375,34401.57421875,34938.2421875,20998158544,0.0,0.0
34942.47265625,34942.47265625,34133.44140625,34732.32421875,17158456701,0.0,0.0
34736.32421875,35256.03125,34616.69140625,35082.1953125,9561294264,0.0,0.0
35090.01171875,35340.33984375,34594.2421875,35049.35546875,12412743996,0.0,0.0
35044.7890625,35286.02734375,34765.36328125,35037.37109375,12693436420,0.0,0.0
35047.79296875,35892.41796875,34545.81640625,35443.5625,18834737789,0.0,0.0
35419.4765625,35994.41796875,35147.80078125,35655.27734375,17295394918,0.0,0.0
35633.6328125,37926.2578125,35592.1015625,36693.125,37762672382,0.0,0.0
36702.25,37493.80078125,36362.75390625,37313.96875,22711265155,0.0,0.0
37310.0703125,37407.09375,36773.66796875,37138.05078125,13924272142,0.0,0.0
37133.9921875,37227.69140625,36779.1171875,37054.51953125,11545715999,0.0,0.0
37070.3046875,37405.1171875,36399.60546875,36502.35546875,19057712790,0.0,0.0
36491.7890625,36753.3515625,34948.5,35537.640625,23857403554,0.0,0.0
35548.11328125,37964.89453125,35383.78125,37880.58203125,27365821679,0.0,0.0
37879.98046875,37934.625,35545.47265625,36154.76953125,26007385366,0.0,0.0
36164.82421875,36704.484375,35901.234375,36596.68359375,22445028430,0.0,0.0
36625.37109375,36839.28125,36233.3125,36585.703125,11886022717,0.0,0.0
36585.765625,37509.35546875,36414.59765625,37386.546875,12915986553,0.0,0.0
37374.07421875,37756.8203125,36882.53125,37476.95703125,20888209068,0.0,0.0
37469.16015625,37631.140625,35813.8125,35813.8125,25172163756,0.0,0.0
35756.5546875,37856.98046875,35670.97265625,37432.33984375,24397247860,0.0,0.0
37420.43359375,37643.91796875,36923.86328125,37289.62109375,14214948217,0.0,0.0
37296.31640625,38415.33984375,37261.60546875,37720.28125,22922957823,0.0,0.0
37721.4140625,37892.4296875,37617.41796875,37796.79296875,9099571165,0.0,0.0
37796.828125,37820.30078125,37162.75,37479.12109375,13744796068,0.0,0.0
37454.19140625,37559.35546875,36750.12890625,37254.16796875,19002925720,0.0,0.0
37247.9921875,38368.48046875,36891.08984375,37831.0859375,21696137014,0.0,0.0
37826.10546875,38366.11328125,37612.6328125,37858.4921875,20728546658,0.0,0.0
37861.1171875,38141.75390625,37531.140625,37712.74609375,18115982627,0.0,0.0
37718.0078125,38954.109375,37629.359375,38688.75,23512784002,0.0,0.0
38689.27734375,39678.9375,38652.59375,39476.33203125,15534035612,0.0,0.0
39472.20703125,40135.60546875,39298.1640625,39978.390625,15769696322,0.0,0.0
39978.62890625,42371.75,39978.62890625,41980.09765625,39856129827,0.0,0.0
41986.265625,44408.6640625,41421.1484375,44080.6484375,36312154535,0.0,0.0
44080.0234375,44265.76953125,43478.08203125,43746.4453125,29909761586,0.0,0.0
43769.1328125,44042.58984375,42880.6484375,43292.6640625,27635760671,0.0,0.0
43293.13671875,44705.515625,43125.296875,44166.6015625,24421116687,0.0,0.0
44180.01953125,44361.2578125,43627.59765625,43725.984375,17368210171,0.0,0.0
43728.3828125,44034.625,43593.28515625,43779.69921875,13000481418,0.0,0.0
43792.01953125,43808.375,40234.578125,41243.83203125,40632672038,0.0,0.0
41238.734375,42048.3046875,40667.5625,41450.22265625,24779520132,0.0,0.0
41468.46484375,43429.78125,40676.8671875,42890.7421875,26797884674,0.0,0.0
42884.26171875,43390.859375,41767.08984375,43023.97265625,25578530178,0.0,0.0
43028.25,43087.82421875,41692.96875,41929.7578125,19639442462,0.0,0.0
41937.7421875,42664.9453125,41723.11328125,42240.1171875,14386729590,0.0,0.0
42236.109375,42359.49609375,41274.54296875,41364.6640625,16678702876,0.0,0.0
41348.203125,42720.296875,40530.2578125,42623.5390625,25224642008,0.0,0.0
42641.51171875,43354.296875,41826.3359375,42270.52734375,23171001281,0.0,0.0
42261.30078125,44275.5859375,42223.81640625,43652.25,27868908174,0.0,0.0
43648.125,44240.66796875,43330.05078125,43869.15234375,22452766169,0.0,0.0
43868.98828125,44367.95703125,43441.96875,43997.90234375,21028503216,0.0,0.0
44012.19921875,44015.69921875,43351.35546875,43739.54296875,13507796558,0.0,0.0
43728.3671875,43945.5234375,42786.91796875,43016.1171875,18830554085,0.0,0.0
43010.57421875,43765.09375,42765.76953125,43613.140625,21115795370,0.0,0.0
43599.84765625,43603.17578125,41676.48828125,42520.40234375,30026850982,0.0,0.0
42518.46875,43683.16015625,42167.58203125,43442.85546875,25260941032,0.0,0.0
43468.19921875,43804.78125,42318.55078125,42627.85546875,22992093014,0.0,0.0
42614.64453125,43124.32421875,41424.0625,42099.40234375,26000021055,0.0,0.0
42091.75390625,42584.125,41556.2265625,42156.90234375,16013925945,0.0,0.0
42152.09765625,42860.9375,41998.25390625,42265.1875,16397498810,0.0,0.0
42280.234375,44175.4375,42214.9765625,44167.33203125,18426978443,0.0,0.0
44187.140625,45899.70703125,44176.94921875,44957.96875,39335274536,0.0,0.0
44961.6015625,45503.2421875,40813.53515625,42848.17578125,46342323118,0.0,0.0
42855.81640625,44770.0234375,42675.17578125,44179.921875,30448091210,0.0,0.0
44192.98046875,44353.28515625,42784.71875,44162.69140625,32336029347,0.0,0.0
44178.953125,44227.6328125,43475.15625,43989.1953125,16092503468,0.0,0.0
43998.46484375,44495.5703125,43662.23046875,43943.09765625,19330573863,0.0,0.0
43948.70703125,47218.0,43244.08203125,46970.50390625,42746192015,0.0,0.0
46987.640625,47893.69921875,45244.71484375,46139.73046875,39821290992,0.0,0.0
46121.5390625,47647.22265625,44483.15234375,46627.77734375,50114613298,0.0,0.0
46656.07421875,48969.37109375,45678.64453125,46368.5859375,45833734549,0.0,0.0
46354.79296875,46498.13671875,41903.76953125,42853.16796875,43332698900,0.0,0.0
42799.4453125,43234.66015625,42464.14453125,42842.3828125,20601860469,0.0,0.0
42842.26171875,43065.59765625,41724.61328125,41796.26953125,17521429522,0.0,0.0
41715.06640625,43319.72265625,41705.41796875,42511.96875,22320220558,0.0,0.0
42499.3359375,43566.2734375,42085.99609375,43154.9453125,24062872740,0.0,0.0
43132.1015625,43189.890625,42189.30859375,42742.65234375,20851232595,0.0,0.0
42742.3125,42876.34765625,40631.171875,41262.05859375,25218357242,0.0,0.0
41278.4609375,42134.16015625,40297.45703125,41618.40625,25752407154,0.0,0.0
41624.58984375,41877.89453125,41446.82421875,41665.5859375,11586690904,0.0,0.0
41671.48828125,41855.3671875,41497.0078125,41545.78515625,9344043642,0.0,0.0
41553.65234375,41651.20703125,39450.1171875,39507.3671875,31338708143,0.0,0.0
39518.71484375,40127.3515625,38521.89453125,39845.55078125,29244553045,0.0,0.0
39877.59375,40483.78515625,39508.796875,40077.07421875,22359526178,0.0,0.0
40075.55078125,40254.48046875,39545.6640625,39933.80859375,18491782013,0.0,0.0
39936.81640625,42209.38671875,39825.69140625,41816.87109375,25598119893,0.0,0.0
41815.625,42195.6328125,41431.28125,42120.0546875,11422941934,0.0,0.0
42126.125,42797.17578125,41696.91015625,42035.59375,16858971687,0.0,0.0
42030.9140625,43305.8671875,41818.33203125,43288.24609375,20668476578,0.0,0.0
43300.2265625,43838.9453125,42711.37109375,42952.609375,23842814518,0.0,0.0
42946.25,43717.40625,42298.9453125,42582.60546875,24673628793,0.0,0.0
42569.76171875,43243.16796875,41879.19140625,43075.7734375,21423953779,0.0,0.0
43077.640625,43422.48828125,42584.3359375,43185.859375,18603843039,0.0,0.0
43184.96484375,43359.94140625,42890.80859375,42992.25,11169245236,0.0,0.0
42994.94140625,43097.64453125,42374.83203125,42583.58203125,14802225490,0.0,0.0
42577.62109375,43494.25,42264.81640625,42658.66796875,18715487317,0.0,0.0
42657.390625,43344.1484375,42529.01953125,43084.671875,16798476726,0.0,0.0
43090.01953125,44341.94921875,42775.95703125,44318.22265625,21126587775,0.0,0.0
44332.125,45575.83984375,44332.125,45301.56640625,26154524080,0.0,0.0
45297.3828125,48152.49609375,45260.82421875,47147.19921875,39316770844,0.0,0.0
47153.52734375,48146.171875,46905.3203125,47771.27734375,16398681570,0.0,0.0
47768.96875,48535.9375,47617.40625,48293.91796875,19315867136,0.0,0.0
48296.38671875,50280.4765625,47745.76171875,49958.22265625,34511985805,0.0,0.0
49941.359375,50358.390625,48406.49609375,49742.44140625,35593051468,0.0,0.0
49733.4453125,52021.37109375,49296.83203125,51826.6953125,39105608050,0.0,0.0
51836.78515625,52820.06640625,51371.62890625,51938.5546875,38564360533,0.0,0.0
51937.7265625,52537.96875,51641.3671875,52160.203125,28180567298,0.0,0.0
52161.67578125,52191.9140625,50669.66796875,51662.99609375,20009091006,0.0,0.0
51661.96875,52356.96484375,51233.70703125,52122.546875,17595377311,0.0,0.0
52134.8125,52483.32421875,51711.8203125,51779.14453125,21362184346,0.0,0.0
51777.7265625,52945.05078125,50792.3125,52284.875,33353758256,0.0,0.0
52273.53515625,52368.81640625,50671.7578125,51839.1796875,28624907020,0.0,0.0
51854.64453125,52009.61328125,50926.29296875,51304.97265625,25413900611,0.0,0.0
51283.90625,51497.93359375,50561.77734375,50731.94921875,21427078270,0.0,0.0
50736.37109375,51684.1953125,50585.4453125,51571.1015625,15174077879,0.0,0.0
51565.21484375,51950.02734375,51306.171875,51733.23828125,15413239245,0.0,0.0
51730.5390625,54938.17578125,50931.03125,54522.40234375,34074411896,0.0,0.0
54519.36328125,57537.83984375,54484.19921875,57085.37109375,49756832031,0.0,0.0
57071.09765625,63913.1328125,56738.42578125,62504.7890625,83239156760,0.0,0.0
62499.18359375,63585.64453125,60498.73046875,61198.3828125,65496611844,0.0,0.0
61168.0625,63155.1015625,60802.52734375,62440.6328125,40186368423,0.0,0.0
62431.65234375,62458.69921875,61657.2890625,62029.84765625,23888473685,0.0,0.0
62031.578125,63230.2109375,61435.0234375,63167.37109375,26253811450,0.0,0.0
63137.00390625,68537.03125,62386.51953125,68330.4140625,70670471105,0.0,0.0
68341.0546875,69170.625,59323.91015625,63801.19921875,102802940877,0.0,0.0
63776.05078125,67637.9296875,62848.671875,66106.8046875,68750229073,0.0,0.0
66099.7421875,68029.921875,65655.53125,66925.484375,46989543159,0.0,0.0
66938.09375,70083.0546875,66230.453125,68300.09375,59202881172,0.0,0.0
68299.2578125,68673.0546875,68053.125,68498.8828125,21609650379,0.0,0.0
68500.2578125,70005.203125,68239.9765625,69019.7890625,35683977532,0.0,0.0
69020.546875,72850.7109375,67194.8828125,72123.90625,65716656765,0.0,0.0
72125.125,72825.65625,68728.8515625,71481.2890625,62554434520,0.0,0.0
71482.1171875,73637.4765625,71334.09375,73083.5,48212536929,0.0,0.0
73079.375,73750.0703125,68563.0234375,71396.59375,59594605698,0.0,0.0
71387.875,72357.1328125,65630.6953125,69403.7734375,78320453976,0.0,0.0
69392.484375,70046.2734375,64801.39453125,65315.1171875,46842198371,0.0,0.0
65316.34375,68845.71875,64545.31640625,68390.625,44716864318,0.0,0.0
68371.3046875,68897.1328125,66594.2265625,67548.59375,49261579492,0.0,0.0
67556.1328125,68106.9296875,61536.1796875,61912.7734375,74215844794,0.0,0.0
61930.15625,68115.2578125,60807.78515625,67913.671875,66792634382,0.0,0.0
67911.5859375,68199.9921875,64580.91796875,65491.390625,44480350565,0.0,0.0
65489.9296875,66623.75,62355.37109375,63778.76171875,41401116964,0.0,0.0
63802.72265625,65976.3984375,63038.4921875,64062.203125,24738964812,0.0,0.0
64070.75390625,67622.7578125,63825.8515625,67234.171875,27206630673,0.0,0.0
67234.09375,71162.59375,66414.8359375,69958.8125,42700139523,0.0,0.0
69931.328125,71535.7421875,69335.609375,69987.8359375,36010437368,0.0,0.0
69991.8984375,71727.6875,68381.9296875,69455.34375,40827113309,0.0,0.0
69452.7734375,71546.0234375,68895.5078125,70744.953125,34374900617,0.0,0.0
70744.796875,70913.09375,69076.65625,69892.828125,25230851763,0.0,0.0
69893.4453125,70355.4921875,69601.0625,69645.3046875,17130241883,0.0,0.0
69647.78125,71377.78125,69624.8671875,71333.6484375,20050941373,0.0,0.0
71333.484375,71342.09375,68110.6953125,69702.1484375,34873527352,0.0,0.0
69705.0234375,69708.3828125,64586.59375,65446.97265625,50705240709,0.0,0.0
65446.671875,66914.3203125,64559.8984375,65980.8125,34488018367,0.0,0.0
65975.6953125,69291.2578125,65113.796875,68508.84375,34439527442,0.0,0.0
68515.7578125,68725.7578125,66011.4765625,67837.640625,33748230056,0.0,0.0
67840.5703125,69629.6015625,67491.71875,68896.109375,19967785809,0.0,0.0
68897.109375,70284.4296875,68851.6328125,69362.5546875,21204930369,0.0,0.0
69362.5546875,72715.359375,69064.2421875,71631.359375,37261432669,0.0,0.0
71632.5,71742.5078125,68212.921875,69139.015625,36426900409,0.0,0.0
69140.2421875,71093.4296875,67503.5625,70587.8828125,38318601774,0.0,0.0
70575.734375,71256.234375,69571.8125,70060.609375,30153382941,0.0,0.0
70061.3828125,71222.7421875,65254.8359375,67195.8671875,44129299406,0.0,0.0
67188.375,67931.4296875,60919.10546875,63821.47265625,52869738185,0.0,0.0
63836.23046875,65824.4296875,62205.8515625,65738.7265625,49084320047,0.0,0.0
65739.6484375,66878.6484375,62332.0703125,63426.2109375,43595917654,0.0,0.0
63419.296875,64355.66796875,61716.40234375,63811.86328125,42847528078,0.0,0.0
63831.84765625,64486.36328125,59768.5859375,61276.69140625,41915247049,0.0,0.0
61275.31640625,64125.6875,60833.48046875,63512.75390625,36006307335,0.0,0.0
63510.75,65481.59765625,59651.390625,63843.5703125,49920425401,0.0,0.0
63851.1015625,65442.45703125,63172.40234375,64994.44140625,23097485495,0.0,0.0
64992.81640625,65723.2421875,64277.72265625,64926.64453125,20506644853,0.0,0.0
64935.6328125,67233.9609375,64548.1796875,66837.6796875,28282686673,0.0,0.0
66839.890625,67199.2421875,65864.8671875,66407.2734375,24310975583,0.0,0.0
66408.71875,67075.3671875,63589.87109375,64276.8984375,30276655120,0.0,0.0
64275.01953125,65275.20703125,62783.6328125,64481.70703125,32155786816,0.0,0.0
64485.37109375,64789.65625,63322.3984375,63755.3203125,24139372950,0.0,0.0
63750.98828125,63898.36328125,62424.71875,63419.140625,19530783039,0.0,0.0
63423.515625,64321.484375,62793.59765625,63113.23046875,17334827993,0.0,0.0
63106.36328125,64174.87890625,61795.45703125,63841.12109375,26635912073,0.0,0.0
63839.41796875,64703.33203125,59120.06640625,60636.85546875,37840840057,0.0,0.0
60609.49609375,60780.5,56555.29296875,58254.01171875,48439780271,0.0,0.0
58253.703125,59602.296875,56937.203125,59123.43359375,32711813559,0.0,0.0
59122.30078125,63320.50390625,58848.3125,62889.8359375,33172023048,0.0,0.0
62891.03125,64494.95703125,62599.3515625,63891.47265625,20620477992,0.0,0.0
63892.453125,64610.890625,62955.3046875,64031.1328125,18296164805,0.0,0.0
64038.3125,65494.90234375,62746.23828125,63161.94921875,28697928697,0.0,0.0
63162.76171875,64390.45703125,62285.98046875,62334.81640625,25930730982,0.0,0.0
62332.640625,62986.0859375,60877.12890625,61187.94140625,26088172222,0.0,0.0
61191.19921875,63404.9140625,60648.07421875,63049.9609375,25453338161,0.0,0.0
63055.19140625,63446.7421875,60208.78125,60792.77734375,27804954694,0.0,0.0
60793.35546875,61451.15234375,60492.625,60793.7109375,13842272968,0.0,0.0
60793.50390625,61818.15625,60632.6015625,61448.39453125,13800459405,0.0,0.0
61451.21875,63422.66015625,60769.83984375,62901.44921875,27889181179,0.0,0.0
62900.7734375,63092.125,61123.765625,61552.7890625,28186271527,0.0,0.0
61553.98828125,66454.453125,61330.41015625,66267.4921875,39815167074,0.0,0.0
66256.109375,66712.4296875,64613.0546875,65231.58203125,31573077994,0.0,0.0
65231.296875,67459.4609375,65119.31640625,67051.875,28031279310,0.0,0.0
67066.2109375,67387.328125,66663.5,66940.8046875,16712277406,0.0,0.0
66937.9296875,67694.296875,65937.1796875,66278.3671875,19249094538,0.0,0.0
66278.7421875,71483.5625,66086.171875,71448.1953125,43850655717,0.0,0.0
71443.0625,71946.4609375,69191.125,70136.53125,46932005990,0.0,0.0
70135.3203125,70623.6953125,68977.6953125,69122.3359375,32802561717,0.0,0.0
69121.3046875,70041.2734375,66356.953125,67929.5625,41895680979,0.0,0.0
67928.1328125,69220.296875,66622.671875,68526.1015625,29197308153,0.0,0.0
68526.921875,69579.3203125,68515.8203125,69265.9453125,15473071741,0.0,0.0
69264.2890625,69506.2265625,68183.890625,68518.09375,15628433737,0.0,0.0
68512.1796875,70597.8828125,68232.5,69394.5546875,25870990717,0.0,0.0
69392.1953125,69514.640625,67227.15625,68296.21875,32722265965,0.0,0.0
68296.3515625,68852.4609375,67101.4921875,67578.09375,26707072906,0.0,0.0
67576.0859375,69500.5390625,67118.078125,68364.9921875,29509712534,0.0,0.0
68362.515625,68999.5625,66633.421875,67491.4140625,27387283769,0.0,0.0
67489.609375,67839.765625,67386.1953125,67706.9375,11641495604,0.0,0.0
67710.2734375,68409.1640625,67315.5234375,67751.6015625,17110588415,0.0,0.0
67753.8984375,70230.8203125,67589.8359375,68804.78125,32401285324,0.0,0.0
68804.5703125,71047.40625,68564.640625,70567.765625,33149696545,0.0,0.0
70568.3515625,71735.4140625,70390.7109375,71082.8203125,32810771409,0.0,0.0
71082.84375,71625.734375,70119.125,70757.1640625,25223152007,0.0,0.0
70759.1875,71907.8515625,68507.2578125,69342.5859375,36188381096,0.0,0.0
69324.1796875,69533.3203125,69210.7421875,69305.7734375,14262185861,0.0,0.0
69297.4921875,69817.5234375,69160.84375,69647.9921875,13534028500,0.0,0.0
69644.3125,70146.0703125,69232.421875,69512.28125,20597699541,0.0,0.0
69508.078125,69549.4140625,66123.6015625,67332.03125,37116136345,0.0,0.0
67321.375,69977.890625,66902.453125,68241.1875,34497940694,0.0,0.0
68243.1015625,68365.78125,66304.5625,66756.3984375,28955204146,0.0,0.0
66747.5703125,67294.6484375,65056.89453125,66011.09375,27403884779,0.0,0.0
66006.7421875,66402.1875,65871.7734375,66191.0,14121265576,0.0,0.0
66189.359375,66894.84375,66018.25,66639.046875,13281140541,0.0,0.0
66636.515625,67188.3203125,65094.96484375,66490.296875,30006354476,0.0,0.0
66490.9765625,66556.703125,64066.95703125,65140.74609375,39481285950,0.0,0.0
65146.66015625,65695.3515625,64693.30078125,64960.296875,21103423504,0.0,0.0
64960.296875,66438.9609375,64547.84765625,64828.65625,25641109124,0.0,0.0
64837.98828125,65007.546875,63378.89453125,64096.19921875,26188171739,0.0,0.0
64113.86328125,64475.46875,63929.7578125,64252.578125,9858198793,0.0,0.0
64248.96484375,64491.703125,63180.796875,63180.796875,11170471802,0.0,0.0
63173.3515625,63292.52734375,58601.69921875,60277.4140625,43152133651,0.0,0.0
60266.28125,62258.26171875,60239.75,61804.640625,29201215431,0.0,0.0
61789.67578125,62434.13671875,60695.1875,60811.27734375,22506003064,0.0,0.0
60811.2265625,62293.86328125,60585.33203125,61604.80078125,21231745045,0.0,0.0
61612.8046875,62126.09765625,59985.40234375,60320.13671875,24952866877,0.0,0.0
60319.875,61097.62109375,60300.96484375,60887.37890625,12652903396,0.0,0.0
60888.4453125,62892.828125,60632.94921875,62678.29296875,17333226409,0.0,0.0
62673.60546875,63777.2265625,62495.51171875,62851.98046875,25468379421,0.0,0.0
62844.41015625,63203.359375,61752.74609375,62029.015625,20151616992,0.0,0.0
62034.33203125,62187.703125,59419.38671875,60173.921875,29756701685,0.0,0.0
60147.13671875,60399.67578125,56777.8046875,56977.703125,41149609230,0.0,0.0
57022.80859375,57497.15234375,53717.375,56662.375,55417544033,0.0,0.0
56659.07421875,58472.546875,56038.9609375,58303.5390625,20610320577,0.0,0.0
58239.4296875,58371.12109375,55793.32421875,55849.109375,20553359505,0.0,0.0
55849.57421875,58131.3359375,54321.01953125,56705.09765625,39766159899,0.0,0.0
56704.59765625,58239.1953125,56316.875,58009.2265625,27849512607,0.0,0.0
58033.8828125,59359.43359375,57178.4140625,57742.49609375,26175260526,0.0,0.0
57729.890625,59299.43359375,57120.37890625,57344.9140625,28707803842,0.0,0.0
57341.1953125,58532.5546875,56590.17578125,57899.46484375,25604805221,0.0,0.0
57908.73828125,59787.078125,57796.44140625,59231.953125,17080061806,0.0,0.0
59225.25,61329.52734375,59225.25,60787.79296875,22223416061,0.0,0.0
60815.45703125,64870.15234375,60704.9296875,64870.15234375,38094526099,0.0,0.0
64784.41796875,65354.33984375,62487.96875,65097.1484375,41617346768,0.0,0.0
65091.83203125,66066.734375,63896.0859375,64118.79296875,32525071311,0.0,0.0
64104.73828125,65104.66015625,63246.1640625,63974.06640625,27239305337,0.0,0.0
63972.32421875,67442.640625,63329.34375,66710.15625,37003855410,0.0,0.0
66709.921875,67610.734375,66299.6171875,67163.6484375,19029581250,0.0,0.0
67164.9140625,68372.90625,65842.296875,68154.5234375,26652190004,0.0,0.0
68152.9765625,68480.0625,66611.296875,67585.25,42649109453,0.0,0.0
67584.8046875,67779.015625,65484.4609375,65927.671875,35605668666,0.0,0.0
65927.859375,67113.984375,65146.99609375,65372.1328125,27470942309,0.0,0.0
65375.875,66112.421875,63473.47265625,65777.2265625,38315761670,0.0,0.0
65771.8125,68207.6015625,65743.765625,67912.0625,30488630457,0.0,0.0
67911.8125,69398.5078125,66705.21875,67813.3359375,34691905492,0.0,0.0
67808.65625,68301.8515625,67085.828125,68255.8671875,18043166945,0.0,0.0
68259.0546875,69987.5390625,66532.59375,66819.9140625,40780682628,0.0,0.0
66819.0546875,66987.671875,65323.19140625,66201.015625,31380492109,0.0,0.0
66201.2734375,66810.2109375,64532.046875,64619.25,31292785994,0.0,0.0
64625.83984375,65593.2421875,62248.94140625,65357.5,40975554494,0.0,0.0
65353.5,65523.22265625,61184.89453125,61415.06640625,43060875727,0.0,0.0
61414.80859375,62148.37109375,59836.52734375,60680.09375,31753030589,0.0,0.0
60676.09375,61062.98828125,57210.8046875,58116.9765625,31758917219,0.0,0.0
58110.296875,58268.828125,49121.23828125,53991.45703125,108991085584,0.0,0.0
53991.34765625,57059.91796875,53973.2734375,56034.31640625,49300484106,0.0,0.0
56040.6328125,57726.8828125,54620.5078125,55027.4609375,41637562185,0.0,0.0
55030.02734375,62673.765625,54766.7265625,61710.13671875,45298472567,0.0,0.0
61728.20703125,61751.86328125,59587.859375,60880.11328125,33425553115,0.0,0.0
60881.23046875,61464.51171875,60287.56640625,60945.8125,15745822278,0.0,0.0
60944.890625,61778.66015625,58348.82421875,58719.484375,22759754812,0.0,0.0
58719.39453125,60680.33203125,57688.8984375,59354.515625,37078637820,0.0,0.0
59356.20703125,61572.3984375,58506.25390625,60609.56640625,30327698167,0.0,0.0
60611.05078125,61687.7578125,58472.875,58737.26953125,29961696180,0.0,0.0
58733.26171875,59838.6484375,56161.59375,57560.09765625,35682112440,0.0,0.0
57560.2734375,59847.359375,57110.01953125,58894.10546875,29350938673,0.0,0.0
58893.53125,59694.66796875,58814.83203125,59478.97265625,13589684021,0.0,0.0
59468.1328125,60262.71875,58445.40234375,58483.96484375,17740625837,0.0,0.0
58480.7109375,59612.66015625,57864.7109375,59493.453125,25911207712,0.0,0.0
59493.453125,61396.328125,58610.8828125,59012.79296875,31613400008,0.0,0.0
59014.98828125,61834.3515625,58823.4453125,61175.19140625,32731154072,0.0,0.0
61168.31640625,61408.109375,59815.25390625,60381.9140625,27625734377,0.0,0.0
60380.953125,64947.0625,60372.05078125,64094.35546875,42530509233,0.0,0.0
64103.87109375,64513.7890625,63619.91796875,64178.9921875,21430585163,0.0,0.0
64176.3671875,64996.421875,63833.51953125,64333.54296875,18827683555,0.0,0.0
64342.2265625,64489.70703125,62849.55859375,62880.66015625,27682040631,0.0,0.0
62879.70703125,63210.796875,58116.75,59504.1328125,39103882198,0.0,0.0
59507.92578125,60236.44921875,57890.67578125,59027.625,40289564698,0.0,0.0
59027.46875,61184.08203125,58786.2265625,59388.1796875,32224990582,0.0,0.0
59388.6015625,59896.88671875,57768.53125,59119.4765625,32292756405,0.0,0.0
59117.48046875,59432.59375,58768.78515625,58969.8984375,12403470760,0.0,0.0
58969.80078125,59062.0703125,57217.82421875,57325.48828125,24592449997,0.0,0.0
57326.96875,59403.0703125,57136.02734375,59112.48046875,27036454524,0.0,0.0
59106.19140625,59815.05859375,57425.16796875,57431.0234375,26666961053,0.0,0.0
57430.34765625,58511.5703125,55673.1640625,57971.5390625,35627680312,0.0,0.0
57971.703125,58300.58203125,55712.453125,56160.48828125,31030280656,0.0,0.0
56160.19140625,56976.109375,52598.69921875,53948.75390625,49361693566,0.0,0.0
53949.0859375,54838.14453125,53740.0703125,54139.6875,19061486526,0.0,0.0
54147.93359375,55300.859375,53653.7578125,54841.56640625,18268287531,0.0,0.0
54851.88671875,58041.125,54598.43359375,57019.53515625,34618096173,0.0,0.0
57020.09765625,58029.9765625,56419.4140625,57648.7109375,28857630507,0.0,0.0
57650.2890625,57991.3203125,55567.33984375,57343.171875,37049062672,0.0,0.0
57343.171875,58534.359375,57330.1015625,58127.01171875,33835707949,0.0,0.0
58130.32421875,60648.0234375,57650.11328125,60571.30078125,32490528356,0.0,0.0
60569.1171875,60656.72265625,59517.8828125,60005.12109375,16428405496,0.0,0.0
60000.7265625,60381.91796875,58696.30859375,59182.8359375,18120960867,0.0,0.0
59185.2265625,59205.51171875,57501.33984375,58192.5078125,32032822113,0.0,0.0
58192.5078125,61316.08984375,57628.0703125,60308.5390625,38075570118,0.0,0.0
60309.0,61664.06640625,59218.25390625,61649.6796875,40990702891,0.0,0.0
61651.15625,63872.44140625,61609.8671875,62940.45703125,42710252573,0.0,0.0
62941.42578125,64119.53125,62364.60546875,63192.9765625,35177164222,0.0,0.0
63184.33984375,63543.359375,62783.10546875,63394.83984375,14408616220,0.0,0.0
63396.8046875,63993.421875,62440.7265625,63648.7109375,20183348802,0.0,0.0
63643.1015625,64733.55859375,62628.078125,63329.80078125,31400285425,0.0,0.0
63326.83984375,64695.21484375,62737.41796875,64301.96875,29938335243,0.0,0.0
64302.58984375,64804.50390625,62945.375,63143.14453125,25078377700,0.0,0.0
63138.546875,65790.796875,62669.26953125,65181.01953125,36873129847,0.0,0.0
65180.6640625,66480.6953125,64852.9921875,65790.6640625,32058813449,0.0,0.0
65792.1796875,66255.53125,65458.03515625,65887.6484375,15243637984,0.0,0.0
65888.8984375,66069.34375,65450.015625,65635.3046875,14788214575,0.0,0.0
65634.65625,65635.0546875,62873.6171875,63329.5,37112957475,0.0,0.0
63335.60546875,64110.98046875,60189.27734375,60837.0078125,50220923500,0.0,0.0
60836.32421875,62357.6875,59996.94921875,60632.78515625,40762722398,0.0,0.0
60632.484375,61469.0390625,59878.8046875,60759.40234375,36106447279,0.0,0.0
60754.625,62465.9921875,60459.94140625,62067.4765625,29585472513,0.0,0.0
62067.609375,62371.0234375,61689.58203125,62089.94921875,13305410749,0.0,0.0
62084.98828125,62959.5703125,61833.1484375,62818.953125,14776233667,0.0,0.0
62819.109375,64443.70703125,62152.55078125,62236.66015625,34253562610,0.0,0.0
62221.64453125,63174.3046875,61843.5625,62131.96875,28134475157,0.0,0.0
62131.7265625,62508.8359375,60314.61328125,60582.1015625,27670982363,0.0,0.0
60581.9296875,61236.72265625,58895.20703125,60274.5,30452813570,0.0,0.0
60275.4609375,63400.87109375,60046.125,62445.08984375,30327141594,0.0,0.0
62444.6171875,63448.78515625,62443.26953125,63193.0234375,16744110886,0.0,0.0
63192.9453125,63272.65234375,62035.63671875,62851.375,18177529690,0.0,0.0
62848.3984375,66482.4921875,62442.15234375,66046.125,43706958056,0.0,0.0
66050.3671875,67881.6796875,64809.1953125,67041.109375,48863870879,0.0,0.0
67042.4609375,68375.2890625,66758.7265625,67612.71875,38195189534,0.0,0.0
67617.078125,67912.2109375,66647.390625,67399.8359375,32790898511,0.0,0.0
67419.109375,68969.75,67177.8203125,68418.7890625,36857165014,0.0,0.0
68418.9765625,68668.0078125,68024.640625,68362.734375,14443497908,0.0,0.0
68364.1796875,69359.0078125,68105.71875,69001.703125,18975847518,0.0,0.0
69002.0,69462.734375,66829.8515625,67367.8515625,37498611780,0.0,0.0
67360.703125,67801.578125,66581.3671875,67361.40625,31808472566,0.0,0.0
67362.375,67402.7421875,65188.03515625,66432.1953125,32263980353,0.0,0.0
66653.703125,68798.9609375,66454.1015625,68161.0546875,31414428647,0.0,0.0
68165.296875,68722.15625,65521.79296875,66642.4140625,41469984306,0.0,0.0
66628.734375,67317.921875,66360.59375,67014.6953125,19588098156,0.0,0.0
67023.4765625,68221.3125,66847.2265625,67929.296875,16721307878,0.0,0.0
67922.671875,70212.265625,67535.1328125,69907.7578125,38799856657,0.0,0.0
69910.046875,73577.2109375,69729.9140625,72720.4921875,58541874402,0.0,0.0
72715.3671875,72905.296875,71411.734375,72339.5390625,40646637831,0.0,0.0
72335.046875,72662.3125,69590.5,70215.1875,40627912076,0.0,0.0
70216.8984375,71559.015625,68779.703125,69482.46875,49989795365,0.0,0.0
69486.0234375,69867.3515625,69033.71875,69289.2734375,18184612091,0.0,0.0
69296.3828125,69361.65625,67482.5234375,68741.1171875,34868307655,0.0,0.0
68742.1328125,69433.1796875,66803.6484375,67811.5078125,41184819348,0.0,0.0
67811.171875,70522.7890625,67458.8671875,69359.5625,46046889204,0.0,0.0
69358.5,76460.15625,69322.03125,75639.078125,118592653963,0.0,0.0
75637.0859375,76943.1171875,74480.421875,75904.859375,63467654989,0.0,0.0
75902.8359375,77252.75,75648.7421875,76545.4765625,55176858003,0.0,0.0
76556.1875,76932.765625,75773.7890625,76778.8671875,29009480361,0.0,0.0
76775.546875,81474.421875,76565.4296875,80474.1875,82570594495,0.0,0.0
80471.4140625,89604.5,80283.25,88701.484375,117966845037,0.0,0.0
88705.5625,89956.8828125,85155.109375,87955.8125,133673285375,0.0,0.0
87929.96875,93434.3515625,86256.9296875,90584.1640625,123559027869,0.0,0.0
90574.8828125,91765.21875,86682.8125,87250.4296875,87616705248,0.0,0.0
87284.1796875,91868.7421875,87124.8984375,91066.0078125,78243109518,0.0,0.0
91064.3671875,91763.9453125,90094.2265625,90558.4765625,44333192814,0.0,0.0
90558.4609375,91433.0390625,88741.6640625,89845.8515625,46350159305,0.0,0.0
89843.71875,92596.7890625,89393.59375,90542.640625,75535775084,0.0,0.0
90536.8125,94002.8671875,90426.984375,92343.7890625,74521048295,0.0,0.0
92341.890625,94902.0234375,91619.5,94339.4921875,71730956426,0.0,0.0
94334.640625,99014.21875,94132.6015625,98504.7265625,106024505582,0.0,0.0
98496.4296875,99655.5,97222.6640625,98997.6640625,78473580551,0.0,0.0
99006.7421875,99014.6796875,97232.890625,97777.28125,44414644677,0.0,0.0
97778.09375,98647.1796875,95788.078125,98013.8203125,51712020623,0.0,0.0
97939.4765625,98803.6015625,97028.6953125,97551.78125,55868776448,0.0,0.0
